
	<beast version='2.0' namespace='beast.evolution.alignment:beast.core:beast.core.parameter:beast.evolution.tree:beast.evolution.tree.coalescent:beast.core.util:beast.evolution.operators:beast.evolution.sitemodel:beast.evolution.substitutionmodel:beast.evolution.likelihood:beast.evolution.tree:beast.math.distributions:multitypetreeVolz.distributions:multitypetreeVolz.operators:multitypetreeVolz.util'>

	   <alignment spec="beast.evolution.alignment.Alignment" id="alignment"  dataType="nucleotide">
			<sequence id="seq_SouthAmr_BRZ-20_2004" taxon="SouthAmr_BRZ-20_2004" totalcount="4" value='???'/>
            <sequence id="seq_SouthAmr_BRZ-6_2004" taxon="SouthAmr_BRZ-6_2004" totalcount="4" value='???'/>
            	</alignment>


		<!--alignment id='alignment' spec='beast.evolution.alignment.FilteredAlignment' 
					filter='-' data='@alignmentVariableSitesOnly' 
					constantSiteWeights='758552 1449999 1444614 758368'>
		</alignment-->
		
	   <typeTraitSet id="typeTraitSet" spec="TraitSet" traitname="type" value="
SouthAmr_BRZ-20_2004=SouthAmr,
SouthAmr_BRZ-6_2004=NorthAmr">
		 <taxa spec='TaxonSet' alignment='@alignment' id='taxa'/>
	   </typeTraitSet>
	   
	   <timeTraitSet spec='TraitSet' id='timeTraitSet' traitname="date-forward" 
			value="
SouthAmr_BRZ-20_2004=2004.0,
SouthAmr_BRZ-6_2004=2004.0">
<!--, 25-HDQ-0716=NULL -->
		 <taxa spec='TaxonSet' alignment='@alignment'/>
	   </timeTraitSet>
	   
 
	  <!-- Substitution model (HKY) -->
	   <siteModel spec="SiteModel" id="siteModel">
		 <mutationRate spec='RealParameter' id="mutationRate" value="0.0000000486"/>
		 <substModel spec="HKY">
		   <kappa spec='RealParameter' id="hky.kappa" value="1.0"/>
		   <frequencies estimate="false" spec='Frequencies'>
		 	<frequencies spec='RealParameter' id="hky.freq" value="0.25 0.25 0.25 0.25"/>
		   </frequencies>
		 </substModel>
	   </siteModel>
 
	   <!-- Migration model -->
	   <migrationModelVolz spec='MigrationModelVolz' id='migModel' nTypes="5"> <!-- nTypes="5"-->
		 <rateMatrix spec='RealParameter' dimension="20" id="rateMatrix" value="1.0"/> 
		 <popSizes spec='RealParameter' dimension="5" id="popSizes" value="1.0"/>
	   </migrationModelVolz>
 
	   <!-- Parameter priors -->
	   <input spec='CompoundDistribution' id='parameterPriors'>
		 <!--distribution spec='beast.math.distributions.Prior' x="@mutationRate">
		   <distr spec='LogNormalDistributionModel' M="-17" S="0.3"/>
		 </distribution-->

		 <!--distribution spec='beast.math.distributions.Prior' x="@hky.kappa">
		   <distr spec='LogNormalDistributionModel' M="0.0" S="4.0"/>
		 </distribution-->
	 
		 <distribution spec='beast.math.distributions.Prior' x="@rateMatrix">
		   <distr spec="LogNormalDistributionModel"  M="0.0" S="8.0"/>
		 </distribution>
	 
		 <distribution spec='beast.math.distributions.Prior' x="@popSizes">
		   <distr spec="LogNormalDistributionModel"  M="0.0" S="4.0"/>
		 </distribution>
		 
		 <!--distribution id="tipDates" monophyletic="false" spec="beast.math.distributions.MRCAPrior" tipsonly="true" tree="@tree">
                <taxonset id="TS0" spec="TaxonSet">
                    <taxon id="EastAsia_HCMC1635_2008" spec="Taxon"/>
                </taxonset>
                <distr id="Uniform0" lower="2007" offset="0.0" spec="beast.math.distributions.Uniform" upper="2009"/>
		 </distribution-->
		 
	   </input>
 
	   <!-- Probability of sequence data given tree  - Dropping in Run2
   
   
	   <input spec='TreeLikelihood' id="treeLikelihood1">
		 <data idref="alignment"/>
		 <tree idref="tree"/>
		 <siteModel idref='siteModel'/>   </input-->
  
   
	   <!-- Probability of tree given migration rates and population sizes -->

	   <input spec='StructuredCoalescentTreeDensityVolz' id='treePrior'>
		 <multiTypeTreeVolz idref="tree"/>
		 <migrationModelVolz idref="migModel"/>
	   </input>



	   <run spec="MCMC" id="mcmc" chainLength="100000" storeEvery="10000">
           
		 <!-- Initialize tree from Newick string -->
		  <init spec='beast.evolution.tree.MultiTypeTreeFromNewickVolz' typeLabel="type" adjustTipHeights='false' id='tree' newick="(SouthAmr_BRZ-6_2004:111.0,SouthAmr_BRZ-20_2004:111.0):0.0;">
		    <trait idref='typeTraitSet'/>
            <trait idref='timeTraitSet'/>
         </init>

	
 
		 <state>
		   <stateNode idref="tree"/>
		   <stateNode idref="rateMatrix"/>
		   <stateNode idref="popSizes"/>
		   <stateNode idref="mutationRate"/>
		   <stateNode idref="hky.kappa"/>
		   <stateNode idref="hky.freq"/>
		 </state>
	 
		 <distribution spec='CompoundDistribution' id='posterior'>
		   <!--distribution idref="treeLikelihood1"/-->
		   <distribution idref='treePrior'/>
		   <distribution idref="parameterPriors"/>
		 </distribution>

 
		 <!-- parameter scaling operators -->

		 <operator spec='ScaleOperator' id='RateScaler' parameter="@rateMatrix" scaleFactor="0.8" weight="1"> <!-- scaleAll="True" degreesOfFreedom="19" -->
		 </operator>
					  
		 <operator spec="ScaleOperator" id="PopSizeScaler"
			  parameter="@popSizes" scaleAll="True" degreesOfFreedom="1"
			  scaleFactor="0.8" weight="3"/> 


	<!-- -->
		 <!--operator spec="ScaleOperator" id="muRateScaler"
			   parameter="@mutationRate"
			   scaleFactor="0.8" weight="5"/-->


		 <!--operator spec='ScaleOperator' id='kappaScaler'
			   parameter="@hky.kappa"
			   scaleFactor="0.8" weight="0.1">
		 </operator-->

		 <!--operator spec="DeltaExchangeOperator" id="freqExchanger"
			   parameter="@hky.freq"
			   delta="0.01" weight="0.1"/-->

	<!--   
		 <operator spec="UpDownOperator" id="upDown" scaleFactor="0.8" weight="1">   
		   <up idref="popSizes"/>
		   <down idref="mutationRate"/>
		   <down idref="rateMatrix"/>
		 </operator>
			-->
		<!--operator id="TipDatesRandomWalker" windowSize="1" spec="TipDatesRandomWalker" taxonset="@TS0" tree="@tree" weight="1.0"/-->

		 <!-- Multi-type tree operators -->
	 
	 
		 <!--operator spec='TypedSubtreeExchangeVolz' id='STX' weight="10" multiTypeTree="@tree" migrationModel="@migModel"/-->
		 <!--operator spec="TypedWilsonBaldingVolz" id="TWB" weight="10" multiTypeTree="@tree" migrationModel="@migModel" alpha="0.2"/-->
		 <!--operator spec="MultiTypeUniformVolz" id="MTU" weight="10" multiTypeTree="@tree" includeRoot="true" rootScaleFactor="0.9"/-->
		 <!--operator spec="MultiTypeTreeScaleVolz" id="MTTS2" weight="10" multiTypeTree="@tree" scaleFactor="0.98" useOldTreeScaler="true"/-->

		   
		  <!--     
		 <operator spec="MultiTypeTreeScaleVolz" id="MTTS1"
			  weight="10" multiTypeTree="@tree"
			  scaleFactor="0.98" useOldTreeScaler="true">
			 <parameter idref="popSizes"/>         
			 <parameterInverse idref="rateMatrix"/>
			 <parameterInverse idref="mutationRate"/>
		 </operator>
			  -->

		 <operator spec="MultiTypeTreeScaleVolz" id="MTTS2"
 	      weight="1" multiTypeTree="@tree"
 	      scaleFactor="0.98" useOldTreeScaler="true">
         </operator>


		 <!-- Loggers -->
	 
		 <logger logEvery="1000" fileName="Infer_ancestral_locations_only.log">

		   <model idref='posterior'/>
		   <log idref="posterior"/>
		   <!--log idref="treeLikelihood1"/-->
		   <!--log idref="parameterPriors"/-->
		   <log spec='TreePriorLoggerVolz' structuredCoalescentTreeDensityVolz='@treePrior'/>
		   <log spec='TreeRootTypeLoggerVolz' structuredCoalescentTreeDensityVolz='@treePrior'/>

		   <!-- Try also: -->
		   <!--log spec='TreeRootTypeLoggerVolz' multiTypeTreeVolz='@tree'/-->
		   <log spec='MigrationCountsLoggerVolz' density='@treePrior'/>
		   <log spec='MigrationModelLoggerVolz' migrationModel='@migModel'/>
		   <!--log idref="mutationRate"/-->
		   <!--log idref="hky.kappa"/-->
		   <ESS spec='ESS' name='log' arg="@rateMatrix"/>
		   <ESS spec='ESS' name='log' arg="@popSizes"/>
		   <ESS spec='ESS' name='log' arg="@treePrior"/>
		   <ESS spec='ESS' name='log' arg="@posterior"/>
		 </logger>
	 
		<logger logEvery="1000" fileName="Infer_ancestral_locations_only.trees" mode="tree">
		   <log idref="treePrior"/>
		 </logger>

		 <logger logEvery="100000">
		   <model idref='posterior'/>
		   <log idref="posterior"/>
		   <!--log idref="treeLikelihood1"/-->
		   <!--log idref="parameterPriors"/-->
		   <log spec='TreePriorLoggerVolz' structuredCoalescentTreeDensityVolz='@treePrior'/>
		   <log spec='MigrationCountsLoggerVolz' density='@treePrior'/>
		   <log spec='MigrationModelLoggerVolz' migrationModel='@migModel'/>
		   <!--log idref="mutationRate"/-->
		   <ESS spec='ESS' name='log' arg="@rateMatrix"/>
		   <ESS spec='ESS' name='log' arg="@popSizes"/>
		   <ESS spec='ESS' name='log' arg="@treePrior"/>
		   <ESS spec='ESS' name='log' arg="@posterior"/>
		 </logger>
	 
	 

	   </run>
   
	 </beast>