<!-- Simulation test 1: species = 4, lineages/species = 2, samples = 1000 
u=v=1.0 alpha=2, beta=0.2 lambda=10
--> 

<beast version='2.0' namespace='snap:beast.util:beast.core.util:beast.evolution'>

<map name='snapprior'>snap.likelihood.SnAPPrior</map>
<map name='snaptreelikelihood'>snap.likelihood.BetaApproximationLikelihood</map>

	<!-- n = 1 -->
	<data spec='snap.Data' id='alignment' dataType='integerdata' statecount='3'>
		<sequence taxon='A' totalcount='10'>
6,
		</sequence>
		<sequence taxon='B' totalcount='10'>
4,
		</sequence>
		<sequence taxon='C' totalcount='10'>
3,
        </sequence>


	</data>

<run id="mcmc" spec='beast.core.MCMC' chainLength="1" preBurnin="0">
        <state storeEvery='1'>
          <parameter name='stateNode' id='coalescenceRate' dimension='7' value='10'/>

		  <!-- the following values may or may not be appropriate. Read the manual for further directions -->          
          <parameter name='stateNode' id='v' value='1.0' lower='0.0'/>
          <parameter name='stateNode' id='u' value='1.0' lower='0.0'/>
          <parameter name='stateNode' id='alpha'  value='2' lower='0.0'/>
          <parameter name='stateNode' id='beta'   value='200' lower='0.0'/>
          <parameter name='stateNode' id='lambda' value='100' lower='0.0'/>
          <stateNode spec='beast.util.TreeParser' id='tree' estimate = 'true' IsLabelledNewick='true' adjustTipHeights='true' nodetype='snap.NodeData' taxa='@alignment'
 newick='((A:0.01,B:0.01):0.01,C:0.02);'/>
        </state>



        <distribution id="posterior" spec='CompoundDistribution'>
     	     <snapprior name='distribution' id='prior' alpha='@alpha' beta='@beta' lambda='@lambda' tree='@tree' coalescenceRate='@coalescenceRate' rateprior="gamma"/>
             <snaptreelikelihood name='distribution' id='treeLikelihood' data='@alignment' tree='@tree' coalescenceRate='@coalescenceRate'/>
        </distribution>

<!--
        <stateDistribution idref='prior'/>
-->

        <operator spec='operators.NodeSwapper' weight='0.5' tree='@tree'/>
        <operator spec='operators.NodeBudger' weight='5' size='0.5' tree='@tree'/>
        <operator spec='operators.ScaleOperator' scaleFactor='0.25' weight='1' tree='@tree'/>
        <operator spec='operators.GammaMover' scale='0.5' weight='0.5' coalescenceRate='@coalescenceRate'/>
        <operator spec='operators.RateMixer' scaleFactors='0.25' weight='1' tree='@tree'  coalescenceRate='@coalescenceRate'/>

<!-- estimate u and v -->
	    <operator spec='operators.MutationMover' window='0.1' weight='0.25' u='@u' v='@v'/>


        <logger logEvery="1000">
            <log idref="u"/>
            <log idref="v"/>
            <log idref="prior"/>
            <log idref="treeLikelihood"/>
            <log idref="posterior"/>
    	    <log spec='snap.ThetaLogger' coalescenceRate='@coalescenceRate'/>
	        <log spec='beast.evolution.tree.TreeHeightLogger' tree='@tree'/>
        </logger>
        <logger logEvery="1000" fileName="testBetaApproximation.log">
	        <model idref='posterior'/>
            <log idref="u"/>
            <log idref="v"/>
            <log idref="prior"/>
            <log idref="treeLikelihood"/>
            <log idref="posterior"/>
    	    <log idref='coalescenceRate'/>
    	    <log spec='snap.ThetaLogger' coalescenceRate='@coalescenceRate'/>
	        <log spec='beast.evolution.tree.TreeHeightLogger' tree='@tree'/>
    	    <log spec='TreeLengthLogger' tree='@tree'/>
        </logger>
        <logger logEvery="1000" fileName="testBetaApproximation.trees" mode='tree'>
            <log spec='beast.evolution.tree.TreeWithMetaDataLogger' tree="@tree" metadata='@coalescenceRate'/>
        </logger>
        
<!--
        <logger logEvery="1000" fileName="test2.$(seed).trees" mode='tree'>
            <log spec='snap.CoalescentUnitTreeLogger' tree="@tree" coalescenceRate='@coalescenceRate'/>
        </logger>
-->
</run>

</beast>

